Week,Mean,SD
"11,04,2010",0.7145,0.1265
"11,17,2010",0.4644,0.0982
"12,01,2010",0.5013,0.0807
"12,16,2010",0.4418,0.1008
"01,12,2011",0.4167,0.116
"01,27,2011",0.7968,0.2023
"02,09,2011",0.7225,0.2344
"02,23,2011",0.4814,0.1748
"03,09,2011",3.0136,1.9401
"03,23,2011",0.6317,0.1382
"04,19,2011",0.59,0.1352
"05,04,2011",0.9992,0.3391
"05,18,2011",1.806,0.7546
"06,02,2011",1.7017,0.3196
"06,15,2011",2.5302,1.1105
"07,29,2011",1.1824,0.2916
"07,13,2011",0.818,0.1229
"07,26,2011",1.0161,0.2493
"08,10,2011",1.0803,0.2638
"07,09,2011",1.6241,0.4269
"09,21,2011",1.3407,0.3537
"10,05,2011",0.5828,0.0867
"10,19,2011",0.7535,0.226
"11,02,2011",0.6409,0.064
"11,16,2011",0.3868,0.0827
"11,30,2011",0.4357,0.1163
"12,14,2011",0.5615,0.179
"01,11,2012",0.4018,0.1013
"01,25,2012",0.7146,0.1795
"02,08,2012",0.9735,0.3905
"02,22,2012",0.7226,0.2334
"03,07,2012",0.7046,0.1178
"03,23,2012",0.632,0.1072
"04,04,2012",0.6565,0.1677
"04,18,2012",1.4529,0.3046
"05,02,2012",1.8874,0.4908
"05,16,2012",2.1664,0.866
"05,29,2012",2.4396,0.5657
"06,13,2012",2.8366,0.9503
"06,28,2012",0.9288,0.263
"07,11,2012",0.9599,0.1685
"07,24,2012",0.8919,0.1941
"08,08,2012",0.6512,0.1353
"08,22,2012",1.0093,0.2959
"09,10,2012",1.2866,0.3655
"09,19,2012",0.9165,0.1175
"10,03,2012",1.3673,0.427
"10,17,2012",0.602,0.1659
"11,01,2012",0.6407,0.1581
"11,14,2012",0.8533,0.2854
"11,28,2012",0.3202,0.072
"12,14,2012",0.443,0.1056
"12,27,2012",0.3339,0.181
"01,10,2013",0.3956,0.1114
"01,23,2013",0.3293,0.0728
"02,06,2013",0.4575,0.1703
"02,20,2013",0.4545,0.1416
"03,06,2013",0.6644,0.1909
"03,20,2013",0.5106,0.0974
"04,03,2013",0.9453,0.2641
"04,15,2013",0.7696,0.2038
"05,01,2013",1.089,0.3074
"05,15,2013",1.7535,0.6317
"05,29,2013",1.6717,0.3844
"06,12,2013",1.4613,0.3419
"06,24,2013",1.0174,0.1771
"07,10,2013",0.6783,0.0887
"07,24,2013",0.5944,0.1274
"08,14,2013",0.8917,0.2165
"08,26,2013",1.2836,0.5112
"09,10,2013",1.2085,0.6074
"09,24,2013",1.0549,0.3338
"10,08,2013",0.9038,0.2307
"10,25,2013",0.5205,0.147
"11,04,2013",0.961,0.2419
"11,18,2013",0.6741,0.1607
"12,09,2013",0.7636,0.2158
"12,23,2013",0.5301,0.1568
"01,08,2014",0.5539,0.0987
"01,22,2014",0.5074,0.1521
"02,05,2014",0.4309,0.0758
"02,19,2014",0.6882,0.1408
"03,05,2014",0.3988,0.0902
"03,19,2014",0.4036,0.1128
"04,02,2014",0.8731,0.1727
"04,16,2014",0.9681,0.2742
"04,30,2014",1.239,0.3153
"05,28,2014",1.4043,0.3472
"06,11,2014",0.722,0.2159
"06,25,2014",0.597,0.1063
"07,09,2014",0.8862,0.0881
"07,23,2014",0.7258,0.2396
"08,05,2014",1.0635,0.1861
"08,20,2014",0.9171,0.2286
"10,07,2014",0.5161,0.1121
"10,22,2014",1.319,0.25
"11,07,2014",1.8044,0.389
"11,25,2014",0.5864,0.1521
"12,09,2014",0.4629,0.107
"01,13,2015",0.1871,0.0281
"01,29,2015",0.4703,0.1295
"02,13,2015",0.7558,0.2006
"02,27,2015",1.0602,0.1526
"03,09,2015",0.4494,0.0928
"03,30,2015",0.8289,0.1244
"04,16,2015",0.6413,0.2152
"04,30,2015",1.1189,0.6631
"05,12,2015",7.5553,1.1179
"05,26,2015",1.5753,0.3263
"06,09,2015",1.6834,0.5087
"06,23,2015",0.7651,0.3091
"07,06,2015",1.3924,0.2058
"07,27,2015",0.8756,0.1514
"08,12,2015",1.0731,0.169
"08,24,2015",0.923,0.2838
"09,08,2015",0.9666,0.1986
"09,21,2015",3.2128,0.8111
"10,05,2015",1.925,0.4801
"10,19,2015",0.8099,0.1256
"11,02,2015",0.3198,0.0879
"11,16,2015",0.7568,0.1598
"12,08,2015",0.3899,0.0831
"12,21,2015",0.9371,0.2244
"01,04,2016",0.5807,0.1473
"01,19,2016",0.6875,0.1996
"02,01,2016",0.8316,0.2513
"02,19,2016",0.3999,0.0385
"02,29,2016",1.1737,0.2546
"03,14,2016",0.703,0.204
"03,28,2016",1.2689,0.1973
"04,11,2016",1.1451,0.3251
"04,28,2016",1.5563,0.4435
"05,09,2016",2.0738,0.5509
"05,23,2016",1.8752,0.5881
"06,06,2016",0.5312,0.2285
"06,20,2016",0.6823,0.2503
"07,05,2016",1.0296,0.1486
"07,20,2016",1.1862,0.2553
"08,02,2016",1.1374,0.1956
"08,29,2016",0.4827,0.0715
"09,14,2016",0.5379,0.1568
"09,26,2016",0.768,0.1285
"10,12,2016",1.1218,0.1526
"10,25,2016",0.7551,0.1789
"11,15,2016",0.7219,0.0937
"11,29,2016",0.5286,0.1381
"12,12,2016",0.6889,0.1818
"12,28,2016",0.7419,0.1663
"01,10,2017",0.4981,0.1018
"01,24,2017",0.3723,0.0824
"02,10,2017",0.8398,0.11
"02,21,2017",0.575,0.1454
"03,06,2017",1.2488,0.2845
"03,20,2017",0.7629,0.1178
"04,03,2017",1.3064,0.2908
"04,18,2017",1.5545,0.2101
"05,05,2017",1.9807,0.5603
"05,16,2017",2.4686,0.3563
"06,17,2017",2.4341,0.4637
"06,19,2017",1.6222,0.3419
"07,05,2017",1.9934,0.6663
"07,21,2017",1.5563,0.396
"08,14,2017",1.1474,0.2395
"08,29,2017",2.0507,0.4011
"09,15,2017",8.4199,1.4149
"10,18,2017",2.8607,0.3838
"10,30,2017",0.5801,0.2639
"11,14,2017",0.5438,0.2377
"11,30,2017",0.248,0.1271
"12,13,2017",0.5031,0.3041
"12,29,2017",0.441,0.1868
"01,23,2018",0.2849,0.0869
"01,31,2018",0.6368,0.1086
"02,16,2018",0.2709,0.0597
"02,28,2018",0.4789,0.1019
"03,14,2018",0.3987,0.0497
"03,28,2018",0.6042,0.1066
"04,13,2018",0.8476,0.2126
"04,26,2018",0.7696,0.1542
"05,16,2018",0.6945,0.1715
"05,30,2018",0.438,0.1099
"06,15,2018",0.6182,0.0944
"06,29,2018",0.5432,0.1249
"07,16,2018",0.5639,0.1329
"07,30,2018",0.5071,0.0931
"08,14,2018",0.3137,0.0717
"08,28,2018",0.5728,0.0998
"09,17,2018",0.549,0.1594
"09,28,2018",0.5268,0.146
"10,12,2018",0.4652,0.1194
"10,30,2018",0.4069,0.0963
"11,15,2018",0.3804,0.0871
"11,30,2018",0.4615,0.1628
"12,13,2018",0.285,0.0668
"12,31,2018",0.6177,0.2527
"01,18,2019",0.3071,0.0768
"01,31,2019",0.8828,0.6851
"02,15,2019",0.5769,0.1716
"02,25,2019",0.5695,0.1474
"03,14,2019",0.4297,0.0622
"03,29,2019",0.6549,0.168
"04,15,2019",0.8407,0.2371
"04,29,2019",1.0623,0.2382
"05,17,2019",1.0689,0.3716
"05,29,2019",0.653,0.1204
"06,18,2019",0.837,0.1388
"06,30,2019",1.1383,0.2132
"07,19,2019",0.8377,0.1528
"07,31,2019",0.6464,0.1621
"08,15,2019",0.5158,0.0633
"08,27,2019",0.6758,0.2638
"09,16,2019",0.776,0.183
"09,27,2019",0.4509,0.072
"10,15,2019",0.505,0.1062
"10,29,2019",0.4973,0.1111
"11,14,2019",0.4005,0.1579
"11,27,2019",0.2555,0.0909
"12,13,2019",0.4063,0.1619
"12,27,2019",1.2252,0.6577
"01,16,2020",1.1073,0.6384
"01,31,2020",0.3138,0.0896
"02,13,2020",0.5288,0.1584
"02,28,2020",0.1918,0.1061
"03,12,2020",0.4353,0.1428
"04,16,2020",0.4287,0.0896
"06,15,2020",0.3254,0.0913
"01,16,2025",0.217190476,0.272364806
"01,31,2025",0.516603175,0.470251979
"02,14,2025",0.448843537,0.254253221
"02,28,2025",0.618639456,0.369122616
"03,14,2025",0.517142857,0.483844602
"03,28,2025",0.850142857,0.733810573
"07,14,2025",0.677632399,0.573317709
"07,23,2025",8.951440329,6.576651985
"08,11,2025",1.155690476,0.882556344
"08,25,2025",2.048498168,1.431152914
"09,08,2025",0.681968254,0.587404483
"09,23,2025",0.789727891,0.821546246
"10,14,2025",1.059115646,0.898439267
"10,31,2025",0.690336135,0.865445391
"11,11,2025",0.702585034,0.645074007
"10,31,2025",1.269196429,1.968440768
"10,31,2025",0.614761905,0.564439756
"11,11,2025",0.199829932,0.161973049
"11,25,2025",0.273401361,0.191680192
"12,09,2025",0.288278388,0.182434417
"12,22,2025",0.342857143,0.213077341
"01,16,2026",0.976666667,1.706990027
"02,13,2026",1.194984127,2.068471977
"02,26,2026",0.889230769,1.104388351
"03,10,2026",2.005079365,3.068923042
"03,26,2026",0.942738095,1.262949459
"04,09,2026",0.695746032,0.511502303
"04,29,2026",1.196119048,1.030652333
"05,14,2026",2.683873016,3.194095382
"05,26,2026",2.187278912,2.647793879
"07,14,2026",0.795471331,0.890525744
"07,29,2026",0.857873016,0.678659692
"08,13,2026",1.522585034,0.621952956
"08,27,2026",0.831428571,0.416512557
